{
   "dashboards": [{
      "autoswitchEnabled": false,
      "columnCount": 1,
      "columnProportion": "1",
      "creationTime": 1554213995903,
      "dashboardNavigations": {},
      "description": "",
      "disabled": false,
      "gridsterMaxColumns": 12,
      "hidden": false,
      "homeTab": false,
      "id": "1f6c20ce-adbc-4386-bca8-e9fb6c6964e0",
      "importAttempts": 0,
      "importComplete": true,
      "isDefault": false,
      "locked": false,
      "name": "Infrastructure Pain Points",
      "rank": 108,
      "shared": false,
      "temporary": false,
      "userId": "96297575-8aa2-4984-a6ca-88d872c94185",
      "widgetInteractions": [
         {
            "type": "resourceId",
            "widgetIdProvider": "f0d7dd18-7265-4020-87d1-b00200d2e6ee",
            "widgetIdReceiver": "b80e9b06-bb25-423d-8016-5454089e9f42"
         },
         {
            "type": "resourceId",
            "widgetIdProvider": "cdd8ad13-e5fc-4823-9413-a50182b44298",
            "widgetIdReceiver": "b80e9b06-bb25-423d-8016-5454089e9f42"
         },
         {
            "type": "resourceId",
            "widgetIdProvider": "38e7135a-de50-4ecc-b3ae-7e7084d86840",
            "widgetIdReceiver": "ee96e617-5848-4d71-ad34-7e85a912aaa5"
         },
         {
            "type": "resourceId",
            "widgetIdProvider": "38e7135a-de50-4ecc-b3ae-7e7084d86840",
            "widgetIdReceiver": "b80e9b06-bb25-423d-8016-5454089e9f42"
         },
         {
            "type": "resourceId",
            "widgetIdProvider": "7dd0a957-f0c2-4cb0-a75d-939dab6fc663",
            "widgetIdReceiver": "29a66527-7d9f-4a64-894e-183c62965c31"
         }
      ],
      "widgets": [
         {
            "collapsed": false,
            "config": {
               "boxColumns": 3,
               "boxHeight": null,
               "labelSize": 12,
               "maxCellCount": 100,
               "metric": {
                  "mode": "resource",
                  "resourceKindMetrics": [
                     {
                        "colorMethod": 2,
                        "id": "extModel4861-1",
                        "isStringMetric": false,
                        "label": "Number Of Hosts",
                        "link": "",
                        "metricKey": "summary|total_number_hosts",
                        "metricName": "Summary|Total Number of Hosts",
                        "metricUnitId": "(hosts)",
                        "orangeBound": null,
                        "redBound": null,
                        "resourceKindId": "resourceKind:id:0_::_",
                        "resourceKindName": "vSphere World",
                        "unit": "(hosts)",
                        "yellowBound": null
                     },
                     {
                        "colorMethod": 2,
                        "id": "extModel14560-3",
                        "isStringMetric": false,
                        "label": "Number of hosts",
                        "link": "",
                        "metricKey": "Super Metric|sm_86c88d8c-2ac7-4f6a-bd25-3fc2abe91f61",
                        "metricName": "Super Metric|Host_Count",
                        "metricUnitId": "(hosts)",
                        "orangeBound": null,
                        "redBound": null,
                        "resourceKindId": "resourceKind:id:1_::_",
                        "resourceKindName": "Host_Status",
                        "unit": "(hosts)",
                        "yellowBound": null
                     },
                     {
                        "colorMethod": 0,
                        "id": "extModel1477-1",
                        "isStringMetric": false,
                        "label": "",
                        "link": "",
                        "metricKey": "Super Metric|sm_8791f1c9-b8bc-42d9-95b4-95a1af5a3741",
                        "metricName": "Super Metric|Host_count_prct",
                        "metricUnitId": "(%)",
                        "orangeBound": 0.75,
                        "redBound": 1,
                        "resourceKindId": "resourceKind:id:1_::_",
                        "resourceKindName": "Host_Status",
                        "unit": "(%)",
                        "yellowBound": 0.5
                     }
                  ],
                  "resourceMetrics": [
                     {
                        "colorMethod": 2,
                        "id": "extModel1412-1",
                        "isStringMetric": false,
                        "label": "Hosts Disconnected",
                        "link": "",
                        "metricKey": "Super Metric|sm_86c88d8c-2ac7-4f6a-bd25-3fc2abe91f61",
                        "metricName": "Super Metric|Host_Count",
                        "metricUnitId": null,
                        "orangeBound": null,
                        "redBound": null,
                        "resourceId": "resource:id:0_::_",
                        "resourceKindId": "002009ContainerHost_Status",
                        "resourceName": "Host_Disconnected",
                        "unit": "",
                        "yellowBound": null
                     },
                     {
                        "colorMethod": 2,
                        "id": "extModel29844-1",
                        "isStringMetric": false,
                        "label": "Hosts Not Responding",
                        "link": "",
                        "metricKey": "Super Metric|sm_86c88d8c-2ac7-4f6a-bd25-3fc2abe91f61",
                        "metricName": "Super Metric|Host_Count",
                        "metricUnitId": null,
                        "orangeBound": null,
                        "redBound": null,
                        "resourceId": "resource:id:1_::_",
                        "resourceKindId": "002009ContainerHost_Status",
                        "resourceName": "Host_NotResponding",
                        "unit": "",
                        "yellowBound": null
                     },
                     {
                        "colorMethod": 2,
                        "id": "extModel29844-2",
                        "isStringMetric": false,
                        "label": "Hosts in Maintenance",
                        "link": "",
                        "metricKey": "Super Metric|sm_86c88d8c-2ac7-4f6a-bd25-3fc2abe91f61",
                        "metricName": "Super Metric|Host_Count",
                        "metricUnitId": null,
                        "orangeBound": null,
                        "redBound": null,
                        "resourceId": "resource:id:2_::_",
                        "resourceKindId": "002009ContainerHost_Status",
                        "resourceName": "Host_In_Maintenance",
                        "unit": null,
                        "yellowBound": null
                     },
                     {
                        "colorMethod": 0,
                        "id": "extModel29844-3",
                        "isStringMetric": false,
                        "label": "Hosts Disconnected (%)",
                        "link": "",
                        "metricKey": "Super Metric|sm_8791f1c9-b8bc-42d9-95b4-95a1af5a3741",
                        "metricName": "Super Metric|Host_count_prct",
                        "metricUnitId": null,
                        "orangeBound": 1.1,
                        "redBound": 1.2,
                        "resourceId": "resource:id:0_::_",
                        "resourceKindId": "002009ContainerHost_Status",
                        "resourceName": "Host_Disconnected",
                        "unit": "",
                        "yellowBound": 1
                     },
                     {
                        "colorMethod": 0,
                        "id": "extModel29844-4",
                        "isStringMetric": false,
                        "label": "Host Not Responding (%)",
                        "link": "",
                        "metricKey": "Super Metric|sm_8791f1c9-b8bc-42d9-95b4-95a1af5a3741",
                        "metricName": "Super Metric|Host_count_prct",
                        "metricUnitId": null,
                        "orangeBound": 1.1,
                        "redBound": 1.2,
                        "resourceId": "resource:id:1_::_",
                        "resourceKindId": "002009ContainerHost_Status",
                        "resourceName": "Host_NotResponding",
                        "unit": "",
                        "yellowBound": 1
                     },
                     {
                        "colorMethod": 0,
                        "id": "extModel29844-5",
                        "isStringMetric": false,
                        "label": "Hosts In Maintenance (%)",
                        "link": "",
                        "metricKey": "Super Metric|sm_8791f1c9-b8bc-42d9-95b4-95a1af5a3741",
                        "metricName": "Super Metric|Host_count_prct",
                        "metricUnitId": null,
                        "orangeBound": 1.1,
                        "redBound": 1.2,
                        "resourceId": "resource:id:2_::_",
                        "resourceKindId": "002009ContainerHost_Status",
                        "resourceName": "Host_In_Maintenance",
                        "unit": null,
                        "yellowBound": 1
                     }
                  ]
               },
               "mode": {"layoutMode": "fixedSize"},
               "periodLength": "last30Days",
               "refreshContent": {"refreshContent": true},
               "refreshInterval": 300,
               "relationshipMode": 0,
               "resInteractionMode": null,
               "roundDecimals": null,
               "selfProvider": {"selfProvider": true},
               "showDT": {"showDT": false},
               "showMetricName": {"showMetricName": true},
               "showMetricUnit": {"showMetricUnit": true},
               "showResourceName": {"showResourceName": false},
               "showSparkline": {"showSparkline": true},
               "title": "Host Availability Overview (Host Count)",
               "valueSize": 18,
               "visualTheme": 4
            },
            "gridsterCoords": {
               "h": 4,
               "w": 5,
               "x": 1,
               "y": 5
            },
            "height": 210,
            "id": "f0d7dd18-7265-4020-87d1-b00200d2e6ee",
            "title": "Host Availability Overview (Host Count)",
            "type": "Scoreboard"
         },
         {
            "collapsed": false,
            "config": {
               "boxColumns": 5,
               "boxHeight": null,
               "labelSize": 12,
               "maxCellCount": 100,
               "metric": {
                  "mode": "resource",
                  "resourceKindMetrics": [],
                  "resourceMetrics": [
                     {
                        "colorMethod": 2,
                        "id": "extModel1506-1",
                        "isStringMetric": false,
                        "label": "CPU Contention ",
                        "link": "",
                        "metricKey": "Super Metric|sm_86c88d8c-2ac7-4f6a-bd25-3fc2abe91f61",
                        "metricName": "Super Metric|Host_Count",
                        "metricUnitId": null,
                        "orangeBound": null,
                        "redBound": null,
                        "resourceId": "resource:id:3_::_",
                        "resourceKindId": "002009ContainerHost_Status",
                        "resourceName": "Host_CPUContention",
                        "unit": "",
                        "yellowBound": null
                     },
                     {
                        "colorMethod": 2,
                        "id": "extModel1506-7",
                        "isStringMetric": false,
                        "label": "Dropped Packets",
                        "link": "",
                        "metricKey": "Super Metric|sm_86c88d8c-2ac7-4f6a-bd25-3fc2abe91f61",
                        "metricName": "Super Metric|Host_Count",
                        "metricUnitId": null,
                        "orangeBound": null,
                        "redBound": null,
                        "resourceId": "resource:id:4_::_",
                        "resourceKindId": "002009ContainerHost_Status",
                        "resourceName": "Host_DroppedPackets",
                        "unit": null,
                        "yellowBound": null
                     },
                     {
                        "colorMethod": 2,
                        "id": "extModel5111-1",
                        "isStringMetric": false,
                        "label": "Host Memory Contention",
                        "link": "",
                        "metricKey": "Super Metric|sm_86c88d8c-2ac7-4f6a-bd25-3fc2abe91f61",
                        "metricName": "Super Metric|Host_Count",
                        "metricUnitId": null,
                        "orangeBound": null,
                        "redBound": null,
                        "resourceId": "resource:id:5_::_",
                        "resourceKindId": "002009ContainerHost_Status",
                        "resourceName": "Host_MemoryContention",
                        "unit": "",
                        "yellowBound": null
                     },
                     {
                        "colorMethod": 2,
                        "id": "extModel1506-3",
                        "isStringMetric": false,
                        "label": "Storage Latency",
                        "link": "",
                        "metricKey": "Super Metric|sm_86c88d8c-2ac7-4f6a-bd25-3fc2abe91f61",
                        "metricName": "Super Metric|Host_Count",
                        "metricUnitId": null,
                        "orangeBound": null,
                        "redBound": null,
                        "resourceId": "resource:id:6_::_",
                        "resourceKindId": "002009ContainerHost_Status",
                        "resourceName": "Host_StorageLatency",
                        "unit": "",
                        "yellowBound": null
                     },
                     {
                        "colorMethod": 2,
                        "id": "extModel1506-5",
                        "isStringMetric": false,
                        "label": "Swapping",
                        "link": "",
                        "metricKey": "Super Metric|sm_86c88d8c-2ac7-4f6a-bd25-3fc2abe91f61",
                        "metricName": "Super Metric|Host_Count",
                        "metricUnitId": null,
                        "orangeBound": null,
                        "redBound": null,
                        "resourceId": "resource:id:7_::_",
                        "resourceKindId": "002009ContainerHost_Status",
                        "resourceName": "Host_Swapping",
                        "unit": null,
                        "yellowBound": null
                     },
                     {
                        "colorMethod": 0,
                        "id": "extModel1506-2",
                        "isStringMetric": false,
                        "label": "CPU Contention (%)",
                        "link": "",
                        "metricKey": "Super Metric|sm_8791f1c9-b8bc-42d9-95b4-95a1af5a3741",
                        "metricName": "Super Metric|Host_count_prct",
                        "metricUnitId": null,
                        "orangeBound": 2,
                        "redBound": 3,
                        "resourceId": "resource:id:3_::_",
                        "resourceKindId": "002009ContainerHost_Status",
                        "resourceName": "Host_CPUContention",
                        "unit": "",
                        "yellowBound": 1
                     },
                     {
                        "colorMethod": 0,
                        "id": "extModel1506-8",
                        "isStringMetric": false,
                        "label": "Dropped Packets(%)",
                        "link": "",
                        "metricKey": "Super Metric|sm_8791f1c9-b8bc-42d9-95b4-95a1af5a3741",
                        "metricName": "Super Metric|Host_count_prct",
                        "metricUnitId": null,
                        "orangeBound": 2,
                        "redBound": 3,
                        "resourceId": "resource:id:4_::_",
                        "resourceKindId": "002009ContainerHost_Status",
                        "resourceName": "Host_DroppedPackets",
                        "unit": "",
                        "yellowBound": 1
                     },
                     {
                        "colorMethod": 0,
                        "id": "extModel5111-2",
                        "isStringMetric": false,
                        "label": "Host Memory Contention (%)",
                        "link": "",
                        "metricKey": "Super Metric|sm_8791f1c9-b8bc-42d9-95b4-95a1af5a3741",
                        "metricName": "Super Metric|Host_count_prct",
                        "metricUnitId": null,
                        "orangeBound": 2,
                        "redBound": 3,
                        "resourceId": "resource:id:5_::_",
                        "resourceKindId": "002009ContainerHost_Status",
                        "resourceName": "Host_MemoryContention",
                        "unit": "",
                        "yellowBound": 1
                     },
                     {
                        "colorMethod": 0,
                        "id": "extModel1506-4",
                        "isStringMetric": false,
                        "label": "Storage Latency (%)",
                        "link": "",
                        "metricKey": "Super Metric|sm_8791f1c9-b8bc-42d9-95b4-95a1af5a3741",
                        "metricName": "Super Metric|Host_count_prct",
                        "metricUnitId": null,
                        "orangeBound": 2,
                        "redBound": 3,
                        "resourceId": "resource:id:6_::_",
                        "resourceKindId": "002009ContainerHost_Status",
                        "resourceName": "Host_StorageLatency",
                        "unit": null,
                        "yellowBound": 1
                     },
                     {
                        "colorMethod": 0,
                        "id": "extModel1506-6",
                        "isStringMetric": false,
                        "label": "Swapping (%)",
                        "link": "",
                        "metricKey": "Super Metric|sm_8791f1c9-b8bc-42d9-95b4-95a1af5a3741",
                        "metricName": "Super Metric|Host_count_prct",
                        "metricUnitId": null,
                        "orangeBound": 2,
                        "redBound": 3,
                        "resourceId": "resource:id:7_::_",
                        "resourceKindId": "002009ContainerHost_Status",
                        "resourceName": "Host_Swapping",
                        "unit": null,
                        "yellowBound": 1
                     }
                  ]
               },
               "mode": {"layoutMode": "fixedSize"},
               "periodLength": "last30Days",
               "refreshContent": {"refreshContent": false},
               "refreshInterval": 300,
               "relationshipMode": 0,
               "resInteractionMode": null,
               "roundDecimals": null,
               "selfProvider": {"selfProvider": true},
               "showDT": {"showDT": true},
               "showMetricName": {"showMetricName": true},
               "showMetricUnit": {"showMetricUnit": true},
               "showResourceName": {"showResourceName": false},
               "showSparkline": {"showSparkline": true},
               "title": "Host Performance Overview (Host count)",
               "valueSize": 18,
               "visualTheme": 4
            },
            "gridsterCoords": {
               "h": 4,
               "w": 8,
               "x": 5,
               "y": 1
            },
            "height": 210,
            "id": "cdd8ad13-e5fc-4823-9413-a50182b44298",
            "title": "Host Performance Overview (Host count)",
            "type": "Scoreboard"
         },
         {
            "collapsed": false,
            "config": {
               "boxColumns": 2,
               "boxHeight": null,
               "labelSize": 12,
               "maxCellCount": 100,
               "metric": {
                  "mode": "resource",
                  "resourceKindMetrics": [],
                  "resourceMetrics": [
                     {
                        "colorMethod": 2,
                        "id": "extModel26178-1",
                        "isStringMetric": false,
                        "label": "Uptime > 1 Year",
                        "link": "",
                        "metricKey": "Super Metric|sm_86c88d8c-2ac7-4f6a-bd25-3fc2abe91f61",
                        "metricName": "Super Metric|Host_Count",
                        "metricUnitId": null,
                        "orangeBound": null,
                        "redBound": null,
                        "resourceId": "resource:id:8_::_",
                        "resourceKindId": "002009ContainerHost_Status",
                        "resourceName": "Host_Uptime",
                        "unit": "",
                        "yellowBound": null
                     },
                     {
                        "colorMethod": 0,
                        "id": "extModel26178-2",
                        "isStringMetric": false,
                        "label": "Uptime > 1 Year (%)",
                        "link": "",
                        "metricKey": "Super Metric|sm_8791f1c9-b8bc-42d9-95b4-95a1af5a3741",
                        "metricName": "Super Metric|Host_count_prct",
                        "metricUnitId": null,
                        "orangeBound": 20,
                        "redBound": 30,
                        "resourceId": "resource:id:8_::_",
                        "resourceKindId": "002009ContainerHost_Status",
                        "resourceName": "Host_Uptime",
                        "unit": "",
                        "yellowBound": 10
                     }
                  ]
               },
               "mode": {"layoutMode": "fixedSize"},
               "periodLength": null,
               "refreshContent": {"refreshContent": false},
               "refreshInterval": 300,
               "relationshipMode": 0,
               "resInteractionMode": null,
               "roundDecimals": null,
               "selfProvider": {"selfProvider": true},
               "showDT": {"showDT": true},
               "showMetricName": {"showMetricName": false},
               "showMetricUnit": {"showMetricUnit": true},
               "showResourceName": {"showResourceName": false},
               "showSparkline": {"showSparkline": true},
               "title": "Hosts Count with Uptime > 1 Year",
               "valueSize": 18,
               "visualTheme": 4
            },
            "gridsterCoords": {
               "h": 3,
               "w": 3,
               "x": 4,
               "y": 9
            },
            "height": 153,
            "id": "b53a7d55-d9c0-4169-9320-ebaad06e481e",
            "title": "Hosts Count with Uptime > 1 Year",
            "type": "Scoreboard"
         },
         {
            "collapsed": false,
            "config": {
               "boxColumns": 2,
               "boxHeight": null,
               "labelSize": 12,
               "maxCellCount": 100,
               "metric": {
                  "mode": "resource",
                  "resourceKindMetrics": [],
                  "resourceMetrics": [
                     {
                        "colorMethod": 2,
                        "id": "extModel12507-1",
                        "isStringMetric": false,
                        "label": "Cluster with high demand ",
                        "link": "",
                        "metricKey": "Super Metric|sm_403b415a-9ba1-4d23-909f-fc6d14115231",
                        "metricName": "Super Metric|Cluster_Count",
                        "metricUnitId": null,
                        "orangeBound": null,
                        "redBound": null,
                        "resourceId": "resource:id:9_::_",
                        "resourceKindId": "002009ContainerCluster_Status",
                        "resourceName": "Cluster_Busy",
                        "unit": "",
                        "yellowBound": null
                     },
                     {
                        "colorMethod": 0,
                        "id": "extModel12112-1",
                        "isStringMetric": false,
                        "label": "Cluster with high demand  (%)",
                        "link": "",
                        "metricKey": "Super Metric|sm_31289b3f-2679-4d60-b53d-3a63664ca489",
                        "metricName": "Super Metric|Cluster_Count_prct",
                        "metricUnitId": null,
                        "orangeBound": 2,
                        "redBound": 3,
                        "resourceId": "resource:id:9_::_",
                        "resourceKindId": "002009ContainerCluster_Status",
                        "resourceName": "Cluster_Busy",
                        "unit": null,
                        "yellowBound": 1
                     }
                  ]
               },
               "mode": {"layoutMode": "fixedSize"},
               "periodLength": "last30Days",
               "refreshContent": {"refreshContent": false},
               "refreshInterval": 300,
               "relationshipMode": 0,
               "resInteractionMode": null,
               "roundDecimals": null,
               "selfProvider": {"selfProvider": true},
               "showDT": {"showDT": true},
               "showMetricName": {"showMetricName": true},
               "showMetricUnit": {"showMetricUnit": true},
               "showResourceName": {"showResourceName": false},
               "showSparkline": {"showSparkline": true},
               "title": "Cluster Resource Demand > 98 %",
               "valueSize": 18,
               "visualTheme": 4
            },
            "gridsterCoords": {
               "h": 3,
               "w": 3,
               "x": 1,
               "y": 9
            },
            "height": 153,
            "id": "7dd0a957-f0c2-4cb0-a75d-939dab6fc663",
            "title": "Cluster Resource Demand > 98 %",
            "type": "Scoreboard"
         },
         {
            "collapsed": false,
            "config": {
               "boxColumns": 3,
               "boxHeight": null,
               "labelSize": 12,
               "maxCellCount": 100,
               "metric": {
                  "mode": "resource",
                  "resourceKindMetrics": [],
                  "resourceMetrics": [
                     {
                        "colorMethod": 2,
                        "id": "extModel1490-1",
                        "isStringMetric": false,
                        "label": "Read Latency",
                        "link": "",
                        "metricKey": "Super Metric|sm_326bf60b-f1e5-4bfc-aff2-12642192642c",
                        "metricName": "Super Metric|Storage_Count",
                        "metricUnitId": null,
                        "orangeBound": null,
                        "redBound": null,
                        "resourceId": "resource:id:10_::_",
                        "resourceKindId": "002009ContainerStorage_Status",
                        "resourceName": "Storage_ReadLatency",
                        "unit": "",
                        "yellowBound": null
                     },
                     {
                        "colorMethod": 2,
                        "id": "extModel1490-2",
                        "isStringMetric": false,
                        "label": "Write Latency",
                        "link": "",
                        "metricKey": "Super Metric|sm_326bf60b-f1e5-4bfc-aff2-12642192642c",
                        "metricName": "Super Metric|Storage_Count",
                        "metricUnitId": null,
                        "orangeBound": null,
                        "redBound": null,
                        "resourceId": "resource:id:11_::_",
                        "resourceKindId": "002009ContainerStorage_Status",
                        "resourceName": "Storage_WriteLatency",
                        "unit": null,
                        "yellowBound": null
                     },
                     {
                        "colorMethod": 2,
                        "id": "extModel1490-3",
                        "isStringMetric": false,
                        "label": "Command Aborts",
                        "link": "",
                        "metricKey": "Super Metric|sm_326bf60b-f1e5-4bfc-aff2-12642192642c",
                        "metricName": "Super Metric|Storage_Count",
                        "metricUnitId": null,
                        "orangeBound": null,
                        "redBound": null,
                        "resourceId": "resource:id:12_::_",
                        "resourceKindId": "002009ContainerStorage_Status",
                        "resourceName": "Storage_withCommandAborts",
                        "unit": null,
                        "yellowBound": null
                     },
                     {
                        "colorMethod": 1,
                        "id": "extModel1490-4",
                        "isStringMetric": false,
                        "label": "Read Latency (%)",
                        "link": "",
                        "metricKey": "Super Metric|sm_5b74c4a8-72f9-4e9e-b9ec-9f82e5340557",
                        "metricName": "Super Metric|Storage_Count_prct",
                        "metricUnitId": null,
                        "orangeBound": null,
                        "redBound": null,
                        "resourceId": "resource:id:10_::_",
                        "resourceKindId": "002009ContainerStorage_Status",
                        "resourceName": "Storage_ReadLatency",
                        "unit": "",
                        "yellowBound": null
                     },
                     {
                        "colorMethod": 1,
                        "id": "extModel1490-5",
                        "isStringMetric": false,
                        "label": "Write Latency (%)",
                        "link": "",
                        "metricKey": "Super Metric|sm_5b74c4a8-72f9-4e9e-b9ec-9f82e5340557",
                        "metricName": "Super Metric|Storage_Count_prct",
                        "metricUnitId": null,
                        "orangeBound": null,
                        "redBound": null,
                        "resourceId": "resource:id:11_::_",
                        "resourceKindId": "002009ContainerStorage_Status",
                        "resourceName": "Storage_WriteLatency",
                        "unit": null,
                        "yellowBound": null
                     },
                     {
                        "colorMethod": 1,
                        "id": "extModel1490-6",
                        "isStringMetric": false,
                        "label": "Command Aborts (%)",
                        "link": "",
                        "metricKey": "Super Metric|sm_5b74c4a8-72f9-4e9e-b9ec-9f82e5340557",
                        "metricName": "Super Metric|Storage_Count_prct",
                        "metricUnitId": null,
                        "orangeBound": null,
                        "redBound": null,
                        "resourceId": "resource:id:12_::_",
                        "resourceKindId": "002009ContainerStorage_Status",
                        "resourceName": "Storage_withCommandAborts",
                        "unit": null,
                        "yellowBound": null
                     }
                  ]
               },
               "mode": {"layoutMode": "fixedSize"},
               "periodLength": null,
               "refreshContent": {"refreshContent": false},
               "refreshInterval": 300,
               "relationshipMode": 0,
               "resInteractionMode": null,
               "roundDecimals": null,
               "selfProvider": {"selfProvider": true},
               "showDT": {"showDT": true},
               "showMetricName": {"showMetricName": true},
               "showMetricUnit": {"showMetricUnit": true},
               "showResourceName": {"showResourceName": false},
               "showSparkline": {"showSparkline": true},
               "title": "Datastore Performance Overview (Datastore count)",
               "valueSize": 18,
               "visualTheme": 4
            },
            "gridsterCoords": {
               "h": 4,
               "w": 7,
               "x": 6,
               "y": 5
            },
            "height": 210,
            "id": "38e7135a-de50-4ecc-b3ae-7e7084d86840",
            "title": "Datastore Performance Overview (Datastore count)",
            "type": "Scoreboard"
         },
         {
            "collapsed": true,
            "config": {
               "chartViewItems": [],
               "refreshContent": {"refreshContent": true},
               "refreshInterval": 300,
               "resource": null,
               "selectFirstRow": {"selectFirstRow": false},
               "selfProvider": {"selfProvider": false},
               "title": "Host List",
               "traversalSpecId": "",
               "viewDefinitionId": "f1936462-4d9a-4123-a49f-e0df45b7d485"
            },
            "gridsterCoords": {
               "h": 1,
               "w": 6,
               "x": 7,
               "y": 9
            },
            "height": 324,
            "id": "b80e9b06-bb25-423d-8016-5454089e9f42",
            "title": "Host List",
            "type": "View"
         },
         {
            "collapsed": true,
            "config": {
               "chartViewItems": [],
               "refreshContent": {"refreshContent": false},
               "refreshInterval": 300,
               "resource": null,
               "selectFirstRow": {"selectFirstRow": false},
               "selfProvider": {"selfProvider": false},
               "title": "Datastore List",
               "traversalSpecId": "",
               "viewDefinitionId": "3fd3f7d5-3a9b-4d85-887a-a0970f155831"
            },
            "gridsterCoords": {
               "h": 1,
               "w": 6,
               "x": 7,
               "y": 10
            },
            "height": 324,
            "id": "ee96e617-5848-4d71-ad34-7e85a912aaa5",
            "title": "Datastore List",
            "type": "View"
         },
         {
            "collapsed": false,
            "config": {
               "boxColumns": 3,
               "boxHeight": null,
               "labelSize": 12,
               "maxCellCount": 100,
               "metric": {
                  "mode": "resourceKind",
                  "resourceKindMetrics": [
                     {
                        "colorMethod": 2,
                        "id": "extModel1474-1",
                        "isStringMetric": false,
                        "label": "Cluster Count",
                        "link": "",
                        "metricKey": "summary|total_number_clusters",
                        "metricName": "Summary|Total Number of Clusters",
                        "metricUnitId": null,
                        "orangeBound": null,
                        "redBound": null,
                        "resourceKindId": "resourceKind:id:0_::_",
                        "resourceKindName": "vSphere World",
                        "unit": "",
                        "yellowBound": null
                     },
                     {
                        "colorMethod": 2,
                        "id": "extModel1474-2",
                        "isStringMetric": false,
                        "label": "Hosts Count",
                        "link": "",
                        "metricKey": "summary|total_number_hosts",
                        "metricName": "Summary|Total Number of Hosts",
                        "metricUnitId": null,
                        "orangeBound": null,
                        "redBound": null,
                        "resourceKindId": "resourceKind:id:0_::_",
                        "resourceKindName": "vSphere World",
                        "unit": "",
                        "yellowBound": null
                     },
                     {
                        "colorMethod": 2,
                        "id": "extModel1474-3",
                        "isStringMetric": false,
                        "label": "Datastore Count",
                        "link": "",
                        "metricKey": "summary|total_number_datastores",
                        "metricName": "Summary|Total Number of Datastores",
                        "metricUnitId": null,
                        "orangeBound": null,
                        "redBound": null,
                        "resourceKindId": "resourceKind:id:0_::_",
                        "resourceKindName": "vSphere World",
                        "unit": "",
                        "yellowBound": null
                     }
                  ],
                  "resourceMetrics": []
               },
               "mode": {"layoutMode": "fixedView"},
               "periodLength": null,
               "refreshContent": {"refreshContent": false},
               "refreshInterval": 300,
               "relationshipMode": 0,
               "resInteractionMode": null,
               "roundDecimals": null,
               "selfProvider": {"selfProvider": true},
               "showDT": {"showDT": true},
               "showMetricName": {"showMetricName": true},
               "showMetricUnit": {"showMetricUnit": true},
               "showResourceName": {"showResourceName": false},
               "showSparkline": {"showSparkline": false},
               "title": "Total Count",
               "valueSize": 24,
               "visualTheme": 4
            },
            "gridsterCoords": {
               "h": 4,
               "w": 4,
               "x": 1,
               "y": 1
            },
            "height": 210,
            "id": "8d656b74-1b85-4f50-b8a7-09de823f2d83",
            "title": "Total Count",
            "type": "Scoreboard"
         },
         {
            "collapsed": true,
            "config": {
               "chartViewItems": [],
               "refreshContent": {"refreshContent": false},
               "refreshInterval": 300,
               "resource": null,
               "selectFirstRow": {"selectFirstRow": false},
               "selfProvider": {"selfProvider": false},
               "title": "Cluster List",
               "traversalSpecId": "",
               "viewDefinitionId": "6c8576cd-4da3-4dcf-9cf8-97f8a55b1ce2"
            },
            "gridsterCoords": {
               "h": 1,
               "w": 6,
               "x": 7,
               "y": 11
            },
            "height": 154,
            "id": "29a66527-7d9f-4a64-894e-183c62965c31",
            "title": "Cluster List",
            "type": "View"
         }
      ]
   }],
   "entries": {
      "resource": [
         {
            "adapterKindKey": "Container",
            "identifiers": [],
            "internalId": "resource:id:3_::_",
            "name": "Host_CPUContention",
            "resourceKindKey": "Host_Status"
         },
         {
            "adapterKindKey": "Container",
            "identifiers": [],
            "internalId": "resource:id:11_::_",
            "name": "Storage_WriteLatency",
            "resourceKindKey": "Storage_Status"
         },
         {
            "adapterKindKey": "Container",
            "identifiers": [],
            "internalId": "resource:id:0_::_",
            "name": "Host_Disconnected",
            "resourceKindKey": "Host_Status"
         },
         {
            "adapterKindKey": "Container",
            "identifiers": [],
            "internalId": "resource:id:2_::_",
            "name": "Host_In_Maintenance",
            "resourceKindKey": "Host_Status"
         },
         {
            "adapterKindKey": "Container",
            "identifiers": [],
            "internalId": "resource:id:5_::_",
            "name": "Host_MemoryContention",
            "resourceKindKey": "Host_Status"
         },
         {
            "adapterKindKey": "Container",
            "identifiers": [],
            "internalId": "resource:id:4_::_",
            "name": "Host_DroppedPackets",
            "resourceKindKey": "Host_Status"
         },
         {
            "adapterKindKey": "Container",
            "identifiers": [],
            "internalId": "resource:id:1_::_",
            "name": "Host_NotResponding",
            "resourceKindKey": "Host_Status"
         },
         {
            "adapterKindKey": "Container",
            "identifiers": [],
            "internalId": "resource:id:7_::_",
            "name": "Host_Swapping",
            "resourceKindKey": "Host_Status"
         },
         {
            "adapterKindKey": "Container",
            "identifiers": [],
            "internalId": "resource:id:8_::_",
            "name": "Host_Uptime",
            "resourceKindKey": "Host_Status"
         },
         {
            "adapterKindKey": "Container",
            "identifiers": [],
            "internalId": "resource:id:9_::_",
            "name": "Cluster_Busy",
            "resourceKindKey": "Cluster_Status"
         },
         {
            "adapterKindKey": "Container",
            "identifiers": [],
            "internalId": "resource:id:12_::_",
            "name": "Storage_withCommandAborts",
            "resourceKindKey": "Storage_Status"
         },
         {
            "adapterKindKey": "Container",
            "identifiers": [],
            "internalId": "resource:id:6_::_",
            "name": "Host_StorageLatency",
            "resourceKindKey": "Host_Status"
         },
         {
            "adapterKindKey": "Container",
            "identifiers": [],
            "internalId": "resource:id:10_::_",
            "name": "Storage_ReadLatency",
            "resourceKindKey": "Storage_Status"
         }
      ],
      "resourceKind": [
         {
            "adapterKindKey": "Container",
            "internalId": "resourceKind:id:1_::_",
            "resourceKindKey": "Host_Status"
         },
         {
            "adapterKindKey": "VMWARE",
            "internalId": "resourceKind:id:0_::_",
            "resourceKindKey": "vSphere World"
         }
      ]
   },
   "uuid": "aadfcd76-9b11-409e-906b-5de8619bcefb"
}